{"cameraMode":{"drawMode":0,"name":"Shaded","section":"Shading Mode"},"sceneLighting":false,"audioPlay":false,"sceneViewState":{"m_AlwaysRefresh":false,"showFog":true,"showSkybox":false,"showFlares":true,"showImageEffects":true,"showParticleSystems":true,"showVisualEffectGraphs":true,"m_FxEnabled":true},"in2DMode":false,"pivot":{"x":-1.4901161193847657e-7,"y":0.5282676219940186,"z":0.024853259325027467},"rotation":{"x":-0.0003095831780228764,"y":-0.0009024371975101531,"z":0.0000017118945834226907,"w":-1.0000035762786866},"size":0.652432382106781,"orthographic":false}