{"cameraMode":{"drawMode":0,"name":"Shaded","section":"Shading Mode"},"sceneLighting":false,"audioPlay":false,"sceneViewState":{"m_AlwaysRefresh":false,"showFog":true,"showSkybox":false,"showFlares":true,"showImageEffects":true,"showParticleSystems":true,"showVisualEffectGraphs":true,"m_FxEnabled":true},"in2DMode":false,"pivot":{"x":12.048626899719239,"y":1.3759093284606934,"z":2.590998411178589},"rotation":{"x":0.06128621846437454,"y":-0.7242699265480042,"z":0.06492391228675842,"w":0.6837250590324402},"size":3.009695291519165,"orthographic":true}