{"cameraMode":{"drawMode":0,"name":"Shaded","section":"Shading Mode"},"sceneLighting":false,"audioPlay":false,"sceneViewState":{"m_AlwaysRefresh":false,"showFog":true,"showSkybox":false,"showFlares":true,"showImageEffects":true,"showParticleSystems":true,"showVisualEffectGraphs":true,"m_FxEnabled":true},"in2DMode":false,"pivot":{"x":13.341896057128907,"y":1.7701389789581299,"z":0.485416054725647},"rotation":{"x":-0.07520683854818344,"y":0.4285989999771118,"z":-0.03582414612174034,"w":-0.8996561169624329},"size":3.2486748695373537,"orthographic":true}