{"cameraMode":{"drawMode":0,"name":"Shaded","section":"Shading Mode"},"sceneLighting":true,"audioPlay":false,"sceneViewState":{"m_AlwaysRefresh":false,"showFog":true,"showSkybox":true,"showFlares":true,"showImageEffects":true,"showParticleSystems":true,"showVisualEffectGraphs":true,"m_FxEnabled":true},"in2DMode":false,"pivot":{"x":61.91802215576172,"y":25.302549362182618,"z":44.247711181640628},"rotation":{"x":-0.035149041563272479,"y":0.6420799493789673,"z":-0.02949076145887375,"w":-0.7652623653411865},"size":3.5375828742980959,"orthographic":true}