{"cameraMode":{"drawMode":0,"name":"Shaded","section":"Shading Mode"},"sceneLighting":true,"audioPlay":false,"sceneViewState":{"m_AlwaysRefresh":false,"showFog":true,"showSkybox":true,"showFlares":true,"showImageEffects":true,"showParticleSystems":true,"showVisualEffectGraphs":true,"m_FxEnabled":true},"in2DMode":false,"pivot":{"x":142.95281982421876,"y":27.601089477539064,"z":5.699715614318848},"rotation":{"x":0.09956773370504379,"y":-0.7000786066055298,"z":0.7000807523727417,"w":0.09959658235311508},"size":45.96753692626953,"orthographic":false}