{"cameraMode":{"drawMode":0,"name":"Shaded","section":"Shading Mode"},"sceneLighting":true,"audioPlay":false,"sceneViewState":{"m_AlwaysRefresh":false,"showFog":true,"showSkybox":true,"showFlares":true,"showImageEffects":true,"showParticleSystems":true,"showVisualEffectGraphs":true,"m_FxEnabled":true},"in2DMode":false,"pivot":{"x":141.0862579345703,"y":21.284658432006837,"z":11.95534610748291},"rotation":{"x":0.058848682790994647,"y":-0.9257267713546753,"z":0.33676934242248537,"w":0.16188842058181764},"size":17.994380950927736,"orthographic":true}