{"cameraMode":{"drawMode":0,"name":"Shaded","section":"Shading Mode"},"sceneLighting":true,"audioPlay":false,"sceneViewState":{"m_AlwaysRefresh":false,"showFog":true,"showSkybox":true,"showFlares":true,"showImageEffects":true,"showParticleSystems":true,"showVisualEffectGraphs":true,"m_FxEnabled":true},"in2DMode":false,"pivot":{"x":123.35188293457031,"y":39.036598205566409,"z":-36.890167236328128},"rotation":{"x":0.24772895872592927,"y":0.22305919229984284,"z":-0.02206345647573471,"w":0.9425445199012756},"size":11.255619049072266,"orthographic":true}