{"cameraMode":{"drawMode":0,"name":"Shaded","section":"Shading Mode"},"sceneLighting":true,"audioPlay":false,"sceneViewState":{"m_AlwaysRefresh":false,"showFog":true,"showSkybox":true,"showFlares":true,"showImageEffects":true,"showParticleSystems":true,"showVisualEffectGraphs":true,"m_FxEnabled":true},"in2DMode":false,"pivot":{"x":156.71102905273438,"y":57.78901672363281,"z":37.124412536621097},"rotation":{"x":-0.05257314071059227,"y":0.8889099955558777,"z":-0.40961241722106936,"w":-0.19822317361831666},"size":14.860950469970704,"orthographic":true}