{"cameraMode":{"drawMode":0,"name":"Shaded","section":"Shading Mode"},"sceneLighting":true,"audioPlay":false,"sceneViewState":{"m_AlwaysRefresh":false,"showFog":true,"showSkybox":true,"showFlares":true,"showImageEffects":true,"showParticleSystems":true,"showVisualEffectGraphs":true,"m_FxEnabled":true},"in2DMode":false,"pivot":{"x":150.6199951171875,"y":24.649999618530275,"z":-15.05169677734375},"rotation":{"x":0.027082672342658044,"y":0.9371187686920166,"z":-0.3470657467842102,"w":-0.026119058951735498},"size":18.126026153564454,"orthographic":true}