{"cameraMode":{"drawMode":0,"name":"Shaded","section":"Shading Mode"},"sceneLighting":false,"audioPlay":false,"sceneViewState":{"m_AlwaysRefresh":false,"showFog":true,"showSkybox":false,"showFlares":true,"showImageEffects":true,"showParticleSystems":true,"showVisualEffectGraphs":true,"m_FxEnabled":true},"in2DMode":false,"pivot":{"x":146.33790588378907,"y":22.715999603271486,"z":8.387834548950196},"rotation":{"x":0.02301691100001335,"y":-0.7027047276496887,"z":0.022793514654040338,"w":0.7107820510864258},"size":5.5510993003845219,"orthographic":true}