{"cameraMode":{"drawMode":0,"name":"Shaded","section":"Shading Mode"},"sceneLighting":false,"audioPlay":false,"sceneViewState":{"m_AlwaysRefresh":false,"showFog":true,"showSkybox":false,"showFlares":true,"showImageEffects":true,"showParticleSystems":true,"showVisualEffectGraphs":true,"m_FxEnabled":true},"in2DMode":false,"pivot":{"x":146.33790588378907,"y":22.715999603271486,"z":8.387834548950196},"rotation":{"x":0.022871095687150956,"y":-0.975113034248352,"z":0.1844038963317871,"w":0.12116057425737381},"size":13.52553939819336,"orthographic":true}