{"cameraMode":{"drawMode":0,"name":"Shaded","section":"Shading Mode"},"sceneLighting":false,"audioPlay":false,"sceneViewState":{"m_AlwaysRefresh":false,"showFog":true,"showSkybox":false,"showFlares":true,"showImageEffects":true,"showParticleSystems":true,"showVisualEffectGraphs":true,"m_FxEnabled":true},"in2DMode":false,"pivot":{"x":145.66424560546876,"y":21.65816879272461,"z":12.362442016601563},"rotation":{"x":0.11213292926549912,"y":-0.43930181860923769,"z":0.05540430545806885,"w":0.8896209001541138},"size":4.613872528076172,"orthographic":true}