{"cameraMode":{"drawMode":0,"name":"Shaded","section":"Shading Mode"},"sceneLighting":false,"audioPlay":false,"sceneViewState":{"m_AlwaysRefresh":false,"showFog":true,"showSkybox":false,"showFlares":true,"showImageEffects":true,"showParticleSystems":true,"showVisualEffectGraphs":true,"m_FxEnabled":true},"in2DMode":false,"pivot":{"x":145.66424560546876,"y":21.65816879272461,"z":12.362442016601563},"rotation":{"x":0.058848682790994647,"y":-0.9257267713546753,"z":0.33676934242248537,"w":0.16188842058181764},"size":4.613872528076172,"orthographic":true}