{"cameraMode":{"drawMode":0,"name":"Shaded","section":"Shading Mode"},"sceneLighting":false,"audioPlay":false,"sceneViewState":{"m_AlwaysRefresh":false,"showFog":true,"showSkybox":false,"showFlares":true,"showImageEffects":true,"showParticleSystems":true,"showVisualEffectGraphs":true,"m_FxEnabled":true},"in2DMode":false,"pivot":{"x":10.998132705688477,"y":0.5598020553588867,"z":-2.273350715637207},"rotation":{"x":-0.14774742722511292,"y":0.7700672149658203,"z":-0.19285865128040315,"w":-0.5899202823638916},"size":2.0702598094940187,"orthographic":true}