{"cameraMode":{"drawMode":0,"name":"Shaded","section":"Shading Mode"},"sceneLighting":false,"audioPlay":false,"sceneViewState":{"m_AlwaysRefresh":false,"showFog":true,"showSkybox":false,"showFlares":true,"showImageEffects":true,"showParticleSystems":true,"showVisualEffectGraphs":true,"m_FxEnabled":true},"in2DMode":false,"pivot":{"x":154.38511657714845,"y":25.236215591430665,"z":12.164192199707032},"rotation":{"x":-0.040245939046144488,"y":-0.9929559230804443,"z":-0.05758832022547722,"w":0.09571195393800736},"size":5.450063705444336,"orthographic":true}