{"cameraMode":{"drawMode":0,"name":"Shaded","section":"Shading Mode"},"sceneLighting":false,"audioPlay":false,"sceneViewState":{"m_AlwaysRefresh":false,"showFog":true,"showSkybox":false,"showFlares":true,"showImageEffects":true,"showParticleSystems":true,"showVisualEffectGraphs":true,"m_FxEnabled":true},"in2DMode":false,"pivot":{"x":139.07249450683595,"y":21.64572525024414,"z":13.545637130737305},"rotation":{"x":0.06009959802031517,"y":-0.7938728928565979,"z":0.07959377765655518,"w":0.5999001860618591},"size":5.073058128356934,"orthographic":true}