{"cameraMode":{"drawMode":0,"name":"Shaded","section":"Shading Mode"},"sceneLighting":false,"audioPlay":false,"sceneViewState":{"m_AlwaysRefresh":false,"showFog":true,"showSkybox":false,"showFlares":true,"showImageEffects":true,"showParticleSystems":true,"showVisualEffectGraphs":true,"m_FxEnabled":true},"in2DMode":false,"pivot":{"x":139.1082763671875,"y":21.062955856323243,"z":16.69245147705078},"rotation":{"x":0.02678944170475006,"y":-0.27787381410598757,"z":0.007777710445225239,"w":0.9602422714233398},"size":5.435006618499756,"orthographic":true}