{"cameraMode":{"drawMode":0,"name":"Shaded","section":"Shading Mode"},"sceneLighting":false,"audioPlay":false,"sceneViewState":{"m_AlwaysRefresh":false,"showFog":true,"showSkybox":false,"showFlares":true,"showImageEffects":true,"showParticleSystems":true,"showVisualEffectGraphs":true,"m_FxEnabled":true},"in2DMode":false,"pivot":{"x":13.25488567352295,"y":0.9702639579772949,"z":4.642026424407959},"rotation":{"x":-0.0003179594350513071,"y":0.9992996454238892,"z":-0.03689054772257805,"w":-0.008697893470525742},"size":2.092686653137207,"orthographic":true}