{"cameraMode":{"drawMode":0,"name":"Shaded","section":"Shading Mode"},"sceneLighting":false,"audioPlay":false,"sceneViewState":{"m_AlwaysRefresh":false,"showFog":true,"showSkybox":false,"showFlares":true,"showImageEffects":true,"showParticleSystems":true,"showVisualEffectGraphs":true,"m_FxEnabled":true},"in2DMode":false,"pivot":{"x":5.066360950469971,"y":0.2320951223373413,"z":2.4890918731689455},"rotation":{"x":0.1624794751405716,"y":0.0845600962638855,"z":-0.013972721062600613,"w":0.9829930067062378},"size":1.513867974281311,"orthographic":true}