{"cameraMode":{"drawMode":0,"name":"Shaded","section":"Shading Mode"},"sceneLighting":false,"audioPlay":false,"sceneViewState":{"m_AlwaysRefresh":false,"showFog":true,"showSkybox":false,"showFlares":true,"showImageEffects":true,"showParticleSystems":true,"showVisualEffectGraphs":true,"m_FxEnabled":true},"in2DMode":false,"pivot":{"x":144.18148803710938,"y":21.08871841430664,"z":14.779582977294922},"rotation":{"x":0.10257694125175476,"y":-0.7100142240524292,"z":0.10580232739448548,"w":0.6886376142501831},"size":4.348005771636963,"orthographic":true}